month,sell_date,expiry,side,spot,strike,settle,eth_move,iv,premium_pct,size_eth,notional,size_x,premium,payoff,pnl,cum_pnl,deficit_after,worst_intramonth_loss
2023-01,2022-12-30,2023-01-27,PUT,1187.8100,1200,1582.8900,0.3326,0.5629,0.0677,8.4189,10000.0000,1.0000,667.4125,0.0000,667.4125,667.4125,0.0000,118.0100
2023-02,2023-01-27,2023-02-24,PUT,1582.8900,1600,1652.6300,0.0441,0.5888,0.0709,6.3176,10000.0000,1.0000,698.7612,0.0000,698.7612,1366.1737,0.0000,304.0766
2023-03,2023-02-24,2023-03-31,PUT,1652.6300,1700,1789.1800,0.0826,0.5475,0.0838,6.0510,10000.0000,1.0000,826.6496,0.0000,826.6496,2192.8233,0.0000,1235.8821
2023-04,2023-03-31,2023-04-28,PUT,1789.1800,1800,1919.5000,0.0728,0.5913,0.0685,5.5892,10000.0000,1.0000,675.4280,0.0000,675.4280,2868.2513,0.0000,97.5505
2023-05,2023-04-28,2023-05-26,PUT,1919.5000,1900,1813.7400,-0.0551,0.4894,0.0488,5.2097,10000.0000,1.0000,480.3945,450.8052,29.5893,2897.8406,0.0000,484.0929
2023-06,2023-05-26,2023-06-30,CALL,1813.7400,1800,1883.9000,0.0387,0.4147,0.0549,5.5135,10000.0000,1.0000,540.2394,464.1381,76.1013,2973.9418,0.0000,485.5833
2023-07,2023-06-30,2023-07-28,PUT,1883.9000,1900,1860.7100,-0.0123,0.3844,0.0470,5.3081,10000.0000,1.0000,462.7423,210.0383,252.7040,3226.6459,0.0000,260.2808
2023-08,2023-07-28,2023-08-25,CALL,1860.7100,1850,1650.6000,-0.1129,0.3192,0.0381,5.3743,10000.0000,1.0000,374.2875,0.0000,374.2875,3600.9334,0.0000,105.8206
2023-09,2023-08-25,2023-09-29,CALL,1650.6000,1650,1679.5600,0.0175,0.3193,0.0396,6.0584,10000.0000,1.0000,389.0206,180.6127,208.4079,3809.3413,0.0000,429.6230
2023-10,2023-09-29,2023-10-27,PUT,1679.5600,1700,1783.3100,0.0618,0.3217,0.0422,5.9539,10000.0000,1.0000,414.4273,0.0000,414.4273,4223.7685,0.0000,686.2185
2023-11,2023-10-27,2023-11-24,PUT,1783.3100,1800,2073.5900,0.1628,0.4326,0.0528,5.6076,10000.0000,1.0000,519.8576,0.0000,519.8576,4743.6261,0.0000,144.6448
2023-12,2023-11-24,2023-12-29,PUT,2073.5900,2100,2344.9000,0.1308,0.4967,0.0683,4.8226,10000.0000,1.0000,672.9079,0.0000,672.9079,5416.5340,0.0000,224.4254
2024-01,2023-12-29,2024-01-26,PUT,2344.9000,2350,2201.4400,-0.0612,0.6229,0.0699,4.2646,10000.0000,1.0000,689.0519,634.9534,54.0985,5470.6325,0.0000,833.5074
2024-02,2024-01-26,2024-02-23,CALL,2201.4400,2200,2933.2600,0.3324,0.4098,0.0456,4.5425,10000.0000,1.0000,448.0841,3332.8185,-2884.7343,2585.8982,2884.7343,3358.0609
2024-03,2024-02-23,2024-03-29,PUT,2933.2600,2900,3535.7200,0.2054,0.5539,0.0624,19.3988,56901.7628,5.6902,3499.7932,0.0000,3499.7932,6085.6913,0.0000,505.8542
2024-04,2024-03-29,2024-04-26,PUT,3535.7200,3550,3137.4600,-0.1126,0.7352,0.0833,2.8283,10000.0000,1.0000,821.6187,1168.1090,-346.4903,5739.2010,346.4903,1331.9042
2024-05,2024-04-26,2024-05-31,CALL,3137.4600,3100,3731.9700,0.1895,0.6048,0.0803,4.5819,14375.6574,1.4376,1138.3491,2898.2144,-1759.8653,3979.3358,2106.3556,2896.3143
2024-06,2024-05-31,2024-06-28,PUT,3731.9700,3700,3433.0100,-0.0801,0.6224,0.0642,10.1348,37822.8265,3.7823,2392.3910,2711.1133,-318.7223,3660.6135,2425.0779,2437.1912
2024-07,2024-06-28,2024-07-26,CALL,3433.0100,3400,3256.9800,-0.0513,0.5765,0.0682,4.2932,14738.4978,1.4738,991.3454,0.0000,991.3454,4651.9588,1433.7325,203.1858
2024-08,2024-07-26,2024-08-30,CALL,3256.9800,3300,2523.9200,-0.2251,0.6313,0.0720,3.0703,10000.0000,1.0000,709.3141,0.0000,709.3141,5361.2729,724.4184,200.7405
2024-09,2024-08-30,2024-09-27,CALL,2523.9200,2500,2660.1900,0.0540,0.5991,0.0707,3.9621,10000.0000,1.0000,696.4856,636.2683,60.2173,5421.4902,664.2011,140.9763
2024-10,2024-09-27,2024-10-25,PUT,2660.1900,2700,2474.2900,-0.0699,0.5614,0.0702,3.7591,10000.0000,1.0000,691.9233,849.8684,-157.9451,5263.5451,822.1462,898.4245
2024-11,2024-10-25,2024-11-29,CALL,2474.2900,2500,3548.8700,0.4343,0.5960,0.0688,4.9826,12328.2812,1.2328,836.3217,5228.7028,-4392.3810,871.1641,5214.5273,5098.6463
2024-12,2024-11-29,2024-12-27,PUT,3548.8700,3500,3334.3200,-0.0605,0.6788,0.0677,21.3689,75835.6168,7.5836,5059.5550,3551.0949,1508.4602,2379.6242,3706.0671,4003.5552
2025-01,2024-12-27,2025-01-31,CALL,3334.3200,3300,3251.2400,-0.0249,0.7050,0.0917,2.9991,10000.0000,1.0000,905.0578,0.0000,905.0578,3284.6820,2801.0093,707.9415
2025-02,2025-01-31,2025-02-28,CALL,3251.2400,3300,2102.3600,-0.3534,0.6214,0.0619,3.0757,10000.0000,1.0000,609.3163,0.0000,609.3163,3893.9983,2191.6930,354.8546
2025-03,2025-02-28,2025-03-28,CALL,2102.3600,2100,1910.3100,-0.0913,0.7227,0.0802,4.7566,10000.0000,1.0000,791.3157,0.0000,791.3157,4685.3140,1400.3773,1489.5085
2025-04,2025-03-28,2025-04-25,CALL,1910.3100,1900,1773.7000,-0.0715,0.6271,0.0717,5.2348,10000.0000,1.0000,707.3210,0.0000,707.3210,5392.6351,693.0563,118.3278
2025-05,2025-04-25,2025-05-30,CALL,1773.7000,1800,2626.7200,0.4809,0.6709,0.0761,5.6379,10000.0000,1.0000,750.8481,4663.2125,-3912.3644,1480.2706,4605.4207,4830.4227
2025-06,2025-05-30,2025-06-27,PUT,2626.7200,2600,2441.9800,-0.0703,0.6935,0.0711,25.0434,65781.9216,6.5782,4613.7323,3966.5267,647.2056,2127.4762,3958.2151,7601.1604
2025-07,2025-06-27,2025-07-25,CALL,2441.9800,2400,3619.6600,0.4823,0.6425,0.0792,4.0950,10000.0000,1.0000,781.3130,4996.7770,-4215.4640,-2087.9878,8173.6791,5206.4510
2025-08,2025-07-25,2025-08-29,PUT,3619.6600,3600,4389.2600,0.2126,0.6623,0.0788,17.7540,64263.5607,6.4264,4992.3138,0.0000,4992.3138,2904.3261,3181.3653,2127.6594
2025-09,2025-08-29,2025-09-26,PUT,4389.2600,4400,3920.8700,-0.1067,0.6937,0.0779,2.2783,10000.0000,1.0000,767.8279,1092.9362,-325.1083,2579.2178,3506.4736,552.2123
2025-10,2025-09-26,2025-10-31,CALL,3920.8700,3900,3829.7900,-0.0232,0.6162,0.0785,3.6216,14199.7156,1.4200,1099.2281,0.0000,1099.2281,3678.4458,2407.2455,2144.4234
2025-11,2025-10-31,2025-11-28,CALL,3829.7900,3800,3009.8600,-0.2141,0.6599,0.0765,2.6111,10000.0000,1.0000,754.2149,0.0000,754.2149,4432.6607,1653.0306,140.6083
2025-12,2025-11-28,2025-12-26,CALL,3009.8600,3000,2965.1600,-0.0149,0.6809,0.0767,3.3224,10000.0000,1.0000,755.8441,0.0000,755.8441,5188.5048,897.1865,873.4777
2026-01,2025-12-26,2026-01-30,CALL,2965.1600,3000,2731.3100,-0.0789,0.6078,0.0697,3.3725,10000.0000,1.0000,686.8871,0.0000,686.8871,5875.3919,210.2994,775.8007
2026-02,2026-01-30,2026-02-27,CALL,2731.3100,2700,2028.8000,-0.2572,0.5669,0.0681,3.6612,10000.0000,1.0000,671.3451,0.0000,671.3451,6546.7370,0.0000,106.5189
2026-03,2026-02-27,2026-03-27,CALL,2028.8000,2050,2066.8900,0.0188,0.6597,0.0681,4.9290,10000.0000,1.0000,670.9071,84.7793,586.1277,7132.8648,0.0000,1067.7986
2026-04,2026-03-27,2026-04-24,PUT,2066.8900,2050,2313.8600,0.1195,0.7018,0.0731,4.8382,10000.0000,1.0000,720.5888,0.0000,720.5888,7853.4536,0.0000,346.4797
2026-05,2026-04-24,2026-05-29,PUT,2313.8600,2300,2004.0300,-0.1339,0.5980,0.0706,4.3218,10000.0000,1.0000,695.9262,1280.4172,-584.4910,7268.9626,584.4910,754.0319
2026-06,2026-05-29,2026-06-26,CALL,2004.0300,2000,1579.7000,-0.2117,0.4569,0.0514,10.7547,21552.7952,2.1553,1090.4214,0.0000,1090.4214,8359.3839,0.0000,332.2218
2026-07,2026-06-26,2026-07-31,CALL,1579.7000,1600,1886.9700,0.1945,0.5806,0.0658,6.3303,10000.0000,1.0000,648.8694,1818.4025,-1169.5331,7189.8508,1169.5331,1756.6562
2026-08,2026-07-31,2026-08-28,PUT,1886.9700,1900,2496.7500,0.3232,0.4736,0.0560,16.5402,31210.9324,3.1211,1720.9153,0.0000,1720.9153,8910.7661,0.0000,702.7424
2026-09,2026-08-28,2026-09-25,PUT,2496.7500,2500,2671.4100,0.0700,0.5161,0.0577,4.0052,10000.0000,1.0000,567.8610,0.0000,567.8610,9478.6272,0.0000,273.3646
