month,sell_date,expiry,spot,settle,eth_move,prev_move,prev_low,prev_high,iv,side,strike,premium_pct,size_eth,notional,size_x,premium,payoff,option_pnl,hedge_fills,hedge_pnl,pnl,cum_pnl,deficit_after,worst_intramonth_loss
2023-01,2022-12-30,2023-01-27,1187.8100,1582.8900,0.3326,0.0036,1150.0000,1353.1500,0.5629,-,,,0.0000,0.0000,0.0000,0.0000,0.0000,0.0000,0,0.0000,0.0000,0.0000,0.0000,0.0000
2023-02,2023-01-27,2023-02-24,1582.8900,1652.6300,0.0441,0.3326,1180.0000,1680.6000,0.5888,-,,,0.0000,0.0000,0.0000,0.0000,0.0000,0.0000,0,0.0000,0.0000,0.0000,0.0000,0.0000
2023-03,2023-02-24,2023-03-31,1652.6300,1789.1800,0.0826,0.0441,1462.6500,1744.6500,0.5475,-,,,0.0000,0.0000,0.0000,0.0000,0.0000,0.0000,0,0.0000,0.0000,0.0000,0.0000,0.0000
2023-04,2023-03-31,2023-04-28,1789.1800,1919.5000,0.0728,0.0826,1369.4500,1862.3000,0.5913,-,,,0.0000,0.0000,0.0000,0.0000,0.0000,0.0000,0,0.0000,0.0000,0.0000,0.0000,0.0000
2023-05,2023-04-28,2023-05-26,1919.5000,1813.7400,-0.0551,0.0728,1763.3500,2147.9500,0.4894,-,,,0.0000,0.0000,0.0000,0.0000,0.0000,0.0000,0,0.0000,0.0000,0.0000,0.0000,0.0000
2023-06,2023-05-26,2023-06-30,1813.7400,1883.9000,0.0387,-0.0551,1736.5500,2022.0000,0.4147,CALL,1800.0000,0.0549,5.5135,10000.0000,1.0000,540.2394,464.1381,76.1013,0,0.0000,76.1013,76.1013,0.0000,485.5833
2023-07,2023-06-30,2023-07-28,1883.9000,1860.7100,-0.0123,0.0387,1623.0500,1939.0000,0.3844,-,,,0.0000,0.0000,0.0000,0.0000,0.0000,0.0000,0,0.0000,0.0000,76.1013,0.0000,0.0000
2023-08,2023-07-28,2023-08-25,1860.7100,1650.6000,-0.1129,-0.0123,1824.2000,2032.3000,0.3192,CALL,1850.0000,0.0381,5.3743,10000.0000,1.0000,374.2875,0.0000,374.2875,0,0.0000,374.2875,450.3888,0.0000,105.8206
2023-09,2023-08-25,2023-09-29,1650.6000,1679.5600,0.0175,-0.1129,1466.0000,1887.6500,0.3193,CALL,1650.0000,0.0396,6.0584,10000.0000,1.0000,389.0206,180.6127,208.4079,0,0.0000,208.4079,658.7967,0.0000,429.6230
2023-10,2023-09-29,2023-10-27,1679.5600,1783.3100,0.0618,0.0175,1530.7000,1745.0000,0.3217,-,,,0.0000,0.0000,0.0000,0.0000,0.0000,0.0000,0,0.0000,0.0000,658.7967,0.0000,0.0000
2023-11,2023-10-27,2023-11-24,1783.3100,2073.5900,0.1628,0.0618,1520.0000,1868.0000,0.4326,-,,,0.0000,0.0000,0.0000,0.0000,0.0000,0.0000,0,0.0000,0.0000,658.7967,0.0000,0.0000
2023-12,2023-11-24,2023-12-29,2073.5900,2344.9000,0.1308,0.1628,1744.5500,2139.1000,0.4967,-,,,0.0000,0.0000,0.0000,0.0000,0.0000,0.0000,0,0.0000,0.0000,658.7967,0.0000,0.0000
2024-01,2023-12-29,2024-01-26,2344.9000,2201.4400,-0.0612,0.1308,1986.1000,2451.6500,0.6229,-,,,0.0000,0.0000,0.0000,0.0000,0.0000,0.0000,0,0.0000,0.0000,658.7967,0.0000,0.0000
2024-02,2024-01-26,2024-02-23,2201.4400,2933.2600,0.3324,-0.0612,2034.8000,2719.1500,0.4098,CALL,2200.0000,0.0456,4.5425,10000.0000,1.0000,448.0841,3332.8185,-2884.7343,0,0.0000,-2884.7343,-2225.9377,2884.7343,3358.0609
2024-03,2024-02-23,2024-03-29,2933.2600,3535.7200,0.2054,0.3324,2195.1000,3037.9000,0.5539,-,,,0.0000,0.0000,0.0000,0.0000,0.0000,0.0000,0,0.0000,0.0000,-2225.9377,2884.7343,0.0000
2024-04,2024-03-29,2024-04-26,3535.7200,3137.4600,-0.1126,0.2054,2906.1500,4097.0000,0.7352,-,,,0.0000,0.0000,0.0000,0.0000,0.0000,0.0000,0,0.0000,0.0000,-2225.9377,2884.7343,0.0000
2024-05,2024-04-26,2024-05-31,3137.4600,3731.9700,0.1895,-0.1126,2801.0000,3730.0000,0.6048,CALL,3100.0000,0.0803,14.7986,46429.9077,4.6430,3676.5932,9360.5337,-5683.9405,0,0.0000,-5683.9405,-7909.8782,8568.6749,9354.3968
2024-06,2024-05-31,2024-06-28,3731.9700,3433.0100,-0.0801,0.1895,2813.4500,3980.5500,0.6224,-,,,0.0000,0.0000,0.0000,0.0000,0.0000,0.0000,0,0.0000,0.0000,-7909.8782,8568.6749,0.0000
2024-07,2024-06-28,2024-07-26,3433.0100,3256.9800,-0.0513,-0.0801,3225.0000,3889.8000,0.5765,CALL,3400.0000,0.0682,40.0208,137391.9236,13.7392,9241.2980,0.0000,9241.2980,0,0.0000,9241.2980,1331.4198,0.0000,1894.0930
2024-08,2024-07-26,2024-08-30,3256.9800,2523.9200,-0.2251,-0.0513,2803.4500,3565.4500,0.6313,CALL,3300.0000,0.0720,3.0703,10000.0000,1.0000,709.3141,0.0000,709.3141,0,0.0000,709.3141,2040.7338,0.0000,200.7405
2024-09,2024-08-30,2024-09-27,2523.9200,2660.1900,0.0540,-0.2251,2017.7500,3397.1000,0.5991,CALL,2500.0000,0.0707,3.9621,10000.0000,1.0000,696.4856,636.2683,60.2173,0,0.0000,60.2173,2100.9511,0.0000,140.9763
2024-10,2024-09-27,2024-10-25,2660.1900,2474.2900,-0.0699,0.0540,2149.3500,2704.0500,0.5614,-,,,0.0000,0.0000,0.0000,0.0000,0.0000,0.0000,0,0.0000,0.0000,2100.9511,0.0000,0.0000
2024-11,2024-10-25,2024-11-29,2474.2900,3548.8700,0.4343,-0.0699,2309.5500,2769.4500,0.5960,CALL,2500.0000,0.0688,4.0416,10000.0000,1.0000,678.3766,4241.2261,-3562.8495,0,0.0000,-3562.8495,-1461.8984,3562.8495,4135.7317
2024-12,2024-11-29,2024-12-27,3548.8700,3334.3200,-0.0605,0.4343,2355.6000,3691.1500,0.6788,-,,,0.0000,0.0000,0.0000,0.0000,0.0000,0.0000,0,0.0000,0.0000,-1461.8984,3562.8495,0.0000
2025-01,2024-12-27,2025-01-31,3334.3200,3251.2400,-0.0249,-0.0605,3097.3000,4111.0000,0.7050,CALL,3300.0000,0.0917,14.8054,49365.9887,4.9366,4467.9073,0.0000,4467.9073,0,0.0000,4467.9073,3006.0089,0.0000,3494.8233
2025-02,2025-01-31,2025-02-28,3251.2400,2102.3600,-0.3534,-0.0249,2911.7000,3746.6000,0.6214,CALL,3300.0000,0.0619,3.0757,10000.0000,1.0000,609.3163,0.0000,609.3163,0,0.0000,609.3163,3615.3252,0.0000,354.8546
2025-03,2025-02-28,2025-03-28,2102.3600,1910.3100,-0.0913,-0.3534,2065.7000,3439.2000,0.7227,CALL,2100.0000,0.0802,4.7566,10000.0000,1.0000,791.3157,0.0000,791.3157,0,0.0000,791.3157,4406.6410,0.0000,1489.5085
2025-04,2025-03-28,2025-04-25,1910.3100,1773.7000,-0.0715,-0.0913,1752.1500,2549.9000,0.6271,CALL,1900.0000,0.0717,5.2348,10000.0000,1.0000,707.3210,0.0000,707.3210,0,0.0000,707.3210,5113.9620,0.0000,118.3278
2025-05,2025-04-25,2025-05-30,1773.7000,2626.7200,0.4809,-0.0715,1383.2000,1957.0000,0.6709,CALL,1800.0000,0.0761,5.6379,10000.0000,1.0000,750.8481,4663.2125,-3912.3644,0,0.0000,-3912.3644,1201.5976,3912.3644,4830.4227
2025-06,2025-05-30,2025-06-27,2626.7200,2441.9800,-0.0703,0.4809,1729.1000,2789.9500,0.6935,-,,,0.0000,0.0000,0.0000,0.0000,0.0000,0.0000,0,0.0000,0.0000,1201.5976,3912.3644,0.0000
2025-07,2025-06-27,2025-07-25,2441.9800,3619.6600,0.4823,-0.0703,2112.6500,2881.0000,0.6425,CALL,2400.0000,0.0792,24.6006,60074.2258,6.0074,4693.6775,30017.7510,-25324.0735,0,0.0000,-25324.0735,-24122.4759,29236.4379,31277.3514
2025-08,2025-07-25,2025-08-29,3619.6600,4389.2600,0.2126,0.4823,2373.4000,3862.2000,0.6623,-,,,0.0000,0.0000,0.0000,0.0000,0.0000,0.0000,0,0.0000,0.0000,-24122.4759,29236.4379,0.0000
2025-09,2025-08-29,2025-09-26,4389.2600,3920.8700,-0.1067,0.2126,3351.6000,4957.0500,0.6937,-,,,0.0000,0.0000,0.0000,0.0000,0.0000,0.0000,0,0.0000,0.0000,-24122.4759,29236.4379,0.0000
2025-10,2025-09-26,2025-10-31,3920.8700,3829.7900,-0.0232,-0.1067,3820.6000,4767.8500,0.6162,CALL,3900.0000,0.0785,98.8743,387673.3050,38.7673,30010.5577,0.0000,30010.5577,0,0.0000,30010.5577,5888.0818,0.0000,58545.9396
2025-11,2025-10-31,2025-11-28,3829.7900,3009.8600,-0.2141,-0.0232,3379.5000,4759.9000,0.6599,CALL,3800.0000,0.0765,2.6111,10000.0000,1.0000,754.2149,0.0000,754.2149,0,0.0000,754.2149,6642.2966,0.0000,140.6083
2025-12,2025-11-28,2025-12-26,3009.8600,2965.1600,-0.0149,-0.2141,2618.5000,3918.1500,0.6809,CALL,3000.0000,0.0767,3.3224,10000.0000,1.0000,755.8441,0.0000,755.8441,0,0.0000,755.8441,7398.1408,0.0000,873.4777
2026-01,2025-12-26,2026-01-30,2965.1600,2731.3100,-0.0789,-0.0149,2718.6500,3448.8000,0.6078,CALL,3000.0000,0.0697,3.3725,10000.0000,1.0000,686.8871,0.0000,686.8871,0,0.0000,686.8871,8085.0279,0.0000,775.8007
2026-02,2026-01-30,2026-02-27,2731.3100,2028.8000,-0.2572,-0.0789,2678.3000,3405.9000,0.5669,CALL,2700.0000,0.0681,3.6612,10000.0000,1.0000,671.3451,0.0000,671.3451,0,0.0000,671.3451,8756.3730,0.0000,106.5189
2026-03,2026-02-27,2026-03-27,2028.8000,2066.8900,0.0188,-0.2572,1734.0000,2764.8000,0.6597,CALL,2050.0000,0.0681,4.9290,10000.0000,1.0000,670.9071,84.7793,586.1277,0,0.0000,586.1277,9342.5007,0.0000,1067.7986
2026-04,2026-03-27,2026-04-24,2066.8900,2313.8600,0.1195,0.0188,1834.7000,2386.6000,0.7018,-,,,0.0000,0.0000,0.0000,0.0000,0.0000,0.0000,0,0.0000,0.0000,9342.5007,0.0000,0.0000
2026-05,2026-04-24,2026-05-29,2313.8600,2004.0300,-0.1339,0.1195,1935.7000,2465.7500,0.5980,-,,,0.0000,0.0000,0.0000,0.0000,0.0000,0.0000,0,0.0000,0.0000,9342.5007,0.0000,0.0000
2026-06,2026-05-29,2026-06-26,2004.0300,1579.7000,-0.2117,-0.1339,1964.5000,2424.3500,0.4569,CALL,2000.0000,0.0514,4.9899,10000.0000,1.0000,505.9304,0.0000,505.9304,0,0.0000,505.9304,9848.4311,0.0000,154.1433
2026-07,2026-06-26,2026-07-31,1579.7000,1886.9700,0.1945,-0.2117,1503.8500,2043.9000,0.5806,CALL,1600.0000,0.0658,6.3303,10000.0000,1.0000,648.8694,1818.4025,-1169.5331,0,0.0000,-1169.5331,8678.8980,1169.5331,1756.6562
2026-08,2026-07-31,2026-08-28,1886.9700,2496.7500,0.3232,0.1945,1518.4000,1980.0000,0.4736,-,,,0.0000,0.0000,0.0000,0.0000,0.0000,0.0000,0,0.0000,0.0000,8678.8980,1169.5331,0.0000
2026-09,2026-08-28,2026-09-25,2496.7500,2671.4100,0.0700,0.3232,1820.2500,2567.1000,0.5161,-,,,0.0000,0.0000,0.0000,0.0000,0.0000,0.0000,0,0.0000,0.0000,8678.8980,1169.5331,0.0000
